Date,Narration,Ref No.,Withdrawal (INR),Deposit (INR),Closing Balance
01-09-2025,UPI/KALYAN/kalyan@okaxis/12345,12345,5000.00,,15000.00
05-09-2025,KALYAN KUMAR / UPI / kalyan@okaxis,UPIREF002,3000.00,,12000.00
10-09-2025,NEFT-KALYAN KUMAR-XXXX1234,NEFT0905,1500.00,,10500.00
15-09-2025,PAYTM-KALYAN-XXXX1234,PAYTM125,2000.00,,8500.00
20-09-2025,UPI/KALYAN/kalyan@okaxis/12347,12347,7500.00,,1000.00
22-09-2025,UPI/KALYAN KUMAR/kalyan@oksbi/555001,555001,900.00,,100.00
10-09-2025,RAVI KUMAR / ravi@okaxis,UPIRAVI1,2500.00,,0.00
15-09-2025,RAVI PAVAN / ravipavan@ybl,UPIRAVP1,750.00,,0.00
25-09-2025,RAVI,RAVIREF1,100.00,,0.00
